{
    "openapi": "3.0.0",
    "info": {
        "title": "Your super  ApplicationAPI",
        "version": "1.0.0"
    },
    "paths": {
        "/api/v1": {
            "get": {
                "responses": {
                    "200": {
                        "description": "An example endpoint"
                    }
                }
            }
        }
    },
    "components": {
        "securitySchemes": {
            "sanctum": {
                "type": "apiKey",
                "description": "Enter token in format (Bearer <token>)",
                "name": "Authorization",
                "in": "header"
            }
        }
    },
    "security": {
        "sanctum": {
            "type": "apiKey",
            "description": "Enter token in format (Bearer <token>)",
            "name": "Authorization",
            "in": "header"
        }
    }
}